City_ID,City,Lat,Lng,Max Temp,Humidity,Cloudiness,Wind Speed,Country,Date
0,port-vila,-17.7338,168.3219,25.47,84,100,7.71,VU,1713365531
1,jamestown,42.097,-79.2353,14.29,84,100,2.06,US,1713365400
2,port alfred,-33.5906,26.891,25.1,69,1,6.46,ZA,1713365532
3,puerto natales,-51.7236,-72.4875,13.25,62,75,4.63,CL,1713365533
4,port-aux-francais,-49.35,70.2167,3.32,98,100,11.1,TF,1713365533
5,saipan,15.1355,145.701,27.39,74,20,3.6,MP,1713365534
6,iqaluit,63.7506,-68.5145,-6.23,86,96,3.56,CA,1713365314
7,mili,6.0815,171.735,28.17,81,81,6.9,MH,1713365536
8,hinton,53.4001,-117.5857,-1.87,67,100,2.28,CA,1713365536
9,adamstown,-25.066,-130.1015,21.79,72,92,11.12,PN,1713365537
10,floro,61.5996,5.0328,9.98,32,0,4.63,NO,1713365538
11,bilibino,68.0546,166.4372,-22.54,98,52,1.98,RU,1713365539
12,bhamo,24.2667,97.2333,29.52,33,73,0.49,MM,1713365539
13,waitangi,-43.9535,-176.5597,13.23,94,54,4.68,NZ,1713365540
14,nova vicosa,-17.8919,-39.3719,29.11,53,58,3.55,BR,1713365376
15,cabo san lucas,22.8909,-109.9124,23.12,80,100,2.68,MX,1713365292
16,taltal,-25.4,-70.4833,21.39,66,1,2.34,CL,1713365545
17,siwa oasis,29.2041,25.5195,30.09,20,0,9.95,EG,1713365546
18,hobbs,32.7026,-103.136,22.04,13,0,3.09,US,1713365547
19,hammerfest,70.6634,23.6821,-1.75,59,40,4.12,NO,1713365547
20,la ronge,55.1001,-105.2842,-0.84,94,100,7.95,CA,1713365548
21,hasaki,35.7333,140.8333,16.22,82,86,4.54,JP,1713365549
22,grytviken,-54.2811,-36.5092,5.4,88,92,2.37,GS,1713365550
23,vozhega,60.4725,40.2213,3.56,76,99,2.7,RU,1713365550
24,blackmans bay,-43.0167,147.3167,10.07,78,68,0.45,AU,1713365551
25,edinburgh of the seven seas,-37.0676,-12.3116,14.81,73,100,11.36,SH,1713365552
26,ilulissat,69.2167,-51.1,-3.99,54,20,0.0,GL,1713365552
27,midvagur,62.0511,-7.1939,6.46,65,75,4.63,FO,1713365553
28,qaqortoq,60.7167,-46.0333,0.79,97,100,1.18,GL,1713365554
29,international falls,48.6011,-93.411,4.52,93,100,2.06,US,1713365556
30,makoua,0.0069,15.6333,31.18,60,76,0.8,CG,1713365557
31,gwoza,11.1036,13.713,42.09,9,100,1.7,NG,1713365558
32,fale old settlement,-9.3852,-171.2468,29.05,73,12,2.35,TK,1713365558
33,geraldton,-28.7667,114.6,23.23,49,44,1.54,AU,1713365559
34,avarua,-21.2078,-159.775,26.03,78,14,4.63,CK,1713365560
35,flying fish cove,-10.4217,105.6791,27.82,83,100,6.69,CX,1713365560
36,hola,51.5377,23.1902,11.1,73,89,5.58,PL,1713365561
37,mitsamiouli,-11.3847,43.2844,28.6,78,100,2.17,KM,1713365563
38,anadyr,64.75,177.4833,-18.72,71,0,3.0,RU,1713365564
39,yellowknife,62.456,-114.3525,-8.1,79,11,0.89,CA,1713365564
40,nichinan,31.6,131.3667,19.82,91,100,1.37,JP,1713365518
41,alice springs,-23.7,133.8833,13.75,62,4,2.57,AU,1713365566
42,corinto,37.9407,22.9573,23.57,46,58,1.99,GR,1713365567
43,kendari,-3.945,122.4989,24.98,93,95,0.84,ID,1713365568
44,severo-yeniseyskiy,60.3725,93.0408,-4.68,94,9,2.24,RU,1713365569
45,priozersk,61.0393,30.1291,0.56,75,98,3.56,RU,1713365570
46,ribeira grande,38.5167,-28.7,18.22,88,40,5.81,PT,1713365571
47,baramula,34.2,74.35,14.27,52,100,1.91,IN,1713365571
48,zhezqazghan,47.7833,67.7667,17.32,55,40,4.0,KZ,1713365572
49,bethel,41.3712,-73.414,15.86,49,0,4.63,US,1713365573
50,namibe,-15.1961,12.1522,27.59,72,2,3.95,AO,1713365573
51,condado,21.8767,-79.8403,29.3,46,4,5.6,CU,1713365574
52,usinsk,65.9939,57.5281,-11.74,92,100,7.51,RU,1713365575
53,whitehorse,60.7161,-135.0538,-6.61,84,4,2.39,CA,1713365576
54,karratha,-20.7377,116.8463,28.53,43,2,1.75,AU,1713365576
55,klaksvik,62.2266,-6.589,6.51,67,74,6.33,FO,1713365578
56,margaret river,-33.95,115.0667,18.08,51,0,5.17,AU,1713365579
57,badger,64.8,-147.5333,-1.05,73,75,2.57,US,1713365579
58,manacapuru,-3.2997,-60.6206,27.64,82,100,1.04,BR,1713365534
59,lihue,21.9789,-159.3672,21.58,82,100,2.06,US,1713365581
60,ternate,0.8,127.4,27.31,78,96,0.99,ID,1713365582
61,college,64.8569,-147.8028,-1.01,73,75,2.57,US,1713365582
62,kavaratti,10.5669,72.642,29.6,74,97,3.78,IN,1713365583
63,kununurra,-15.7667,128.7333,23.99,73,99,0.0,AU,1713365584
64,nantucket,41.2835,-70.0995,11.08,66,0,4.63,US,1713365584
65,puerto ayora,-0.7393,-90.3518,26.98,89,98,3.13,EC,1713365585
66,ogoja,6.6547,8.7976,37.03,38,96,3.28,NG,1713365586
67,leava,-14.3,-178.1667,28.36,81,74,9.19,WF,1713365587
68,albany,42.6001,-73.9662,13.13,51,91,1.34,US,1713365587
69,diu,20.7141,70.9822,30.68,50,87,6.5,IN,1713365588
70,ushuaia,-54.8,-68.3,9.81,71,20,3.6,AR,1713365385
71,hawaiian paradise park,19.5933,-154.9731,20.5,98,100,2.57,US,1713365590
72,shiraz,29.6036,52.5388,15.69,59,40,2.06,IR,1713365590
73,talnakh,69.4865,88.3972,-14.89,96,100,0.58,RU,1713365591
74,puerto baquerizo moreno,-0.9,-89.6,25.55,83,75,3.09,EC,1713365417
75,ulladulla,-35.35,150.4667,17.09,95,92,2.56,AU,1713365592
76,olonkinbyen,70.9221,-8.7187,-5.5,89,100,6.02,SJ,1713365593
77,san patricio,28.017,-97.5169,25.65,77,100,5.43,US,1713365594
78,palamos,41.8484,3.1291,17.53,47,100,0.89,ES,1713365595
79,taroa,8.7058,171.2275,27.71,85,84,9.12,MH,1713365595
80,port mathurin,-19.6833,63.4167,25.51,74,99,10.75,MU,1713365596
81,plettenberg bay,-34.0527,23.3716,21.73,67,1,4.3,ZA,1713365597
82,lloydminster,53.2835,-110.0016,-1.97,84,100,10.48,CA,1713365597
83,polyarnyy,69.1989,33.4478,-5.12,87,99,2.37,RU,1713365368
84,kismayo,-0.3582,42.5454,29.01,76,51,7.62,SO,1713365599
85,rongelap,11.1635,166.8941,27.04,80,100,7.89,MH,1713365599
86,carbonear,47.7332,-53.2148,10.97,94,100,1.05,CA,1713365600
87,howard springs,-12.497,131.047,26.04,91,100,1.76,AU,1713365601
88,coffeyville,37.0373,-95.6164,23.81,55,0,3.09,US,1713365602
89,chonchi,-42.6128,-73.8092,13.95,71,22,1.73,CL,1713365602
90,isafjordur,66.0755,-23.124,2.02,64,75,1.54,IS,1713365603
91,the pas,53.8251,-101.2541,0.24,99,100,4.88,CA,1713365604
92,camiri,-20.05,-63.5167,20.88,73,5,0.0,BO,1713365604
93,calvinia,-31.4707,19.776,26.53,20,2,4.95,ZA,1713365605
94,dudinka,69.4058,86.1778,-14.62,86,100,3.13,RU,1713365606
95,longyearbyen,78.2186,15.6401,-10.09,67,0,2.57,SJ,1713365468
96,mumford,5.2618,-0.759,29.81,72,100,4.99,GH,1713365607
97,bandon,51.7469,-8.7425,11.77,89,98,5.4,IE,1713365608
98,lorengau,-2.0226,147.2712,27.54,81,89,2.64,PG,1713365609
99,papatowai,-46.5619,169.4708,10.94,67,97,5.28,NZ,1713365609
100,san andres,12.5847,-81.7006,29.01,79,20,5.14,CO,1713365610
101,ballina,-28.8667,153.5667,18.21,83,43,2.91,AU,1713365611
102,vakarai,55.6035,23.8213,10.29,54,99,1.85,LT,1713365612
103,kodinsk,58.6881,99.1844,-3.09,94,14,1.57,RU,1713365612
104,lobujya,27.95,86.8167,-7.37,21,28,3.68,NP,1713365612
105,afaahiti,-17.75,-149.2833,23.93,83,6,7.99,PF,1713365613
106,cananea,30.95,-110.3,16.9,20,0,0.83,MX,1713365613
107,thompson,55.7435,-97.8558,-0.24,97,100,4.91,CA,1713365613
108,remire-montjoly,4.9167,-52.2667,27.02,94,75,1.03,GF,1713365614
109,punta arenas,-53.15,-70.9167,10.06,81,0,2.57,CL,1713365614
110,roma,43.2128,-75.4557,15.6,51,20,3.6,US,1713365414
111,vorgashor,67.5833,63.95,-11.78,95,100,6.64,RU,1713365614
112,luderitz,-26.6481,15.1594,20.63,66,5,5.95,NA,1713365615
113,melfort,52.8667,-104.6177,-0.33,97,100,9.28,CA,1713365615
114,anar darah,32.7587,61.654,14.77,67,100,2.73,AF,1713365615
115,kristiansund,63.1115,7.732,7.03,56,0,2.57,NO,1713365615
116,warrnambool,-38.3833,142.4833,13.12,77,62,3.76,AU,1713365616
117,saint-philippe,-21.3585,55.7679,24.77,71,100,6.54,RE,1713365616
118,kangavar,34.5043,47.9653,16.99,38,26,1.94,IR,1713365618
119,nakasongola,1.3089,32.4564,23.79,75,91,3.7,UG,1713365618
120,cidreira,-30.1811,-50.2056,19.47,68,37,7.86,BR,1713365619
121,carnarvon,-24.8667,113.6333,26.82,57,37,2.85,AU,1713365620
122,smithers,54.7804,-127.1743,2.16,71,6,0.54,CA,1713365620
123,utrik,11.2278,169.8474,26.6,80,98,8.72,MH,1713365621
124,lillehammer,61.1146,10.4674,3.87,66,79,3.42,NO,1713365622
125,udachny,66.4167,112.4,-4.75,84,100,9.3,RU,1713365623
126,ankazoabo,-22.2833,44.5167,27.28,50,73,3.98,MG,1713365623
127,tiksi,71.6872,128.8694,-10.44,87,96,6.83,RU,1713365624
128,mutsu,41.2894,141.2169,10.01,100,100,1.03,JP,1713365625
129,matoury,4.8483,-52.3317,26.98,94,75,1.03,GF,1713365626
130,persembe,41.0656,37.7714,24.68,45,25,3.29,TR,1713365626
131,travagliato,45.5191,10.0805,19.04,48,40,13.38,IT,1713365627
132,labytnangi,66.6572,66.4183,-11.46,94,100,9.69,RU,1713365628
133,port saint john's,-31.6229,29.5448,23.92,82,25,6.97,ZA,1713365629
134,turpan,42.9333,89.1667,22.3,34,100,1.64,CN,1713365629
135,nemuro,43.3236,145.575,4.75,95,100,2.41,JP,1713365630
136,huarmey,-10.0681,-78.1522,23.36,76,15,4.23,PE,1713365631
137,kapuskasing,49.4169,-82.4331,4.25,52,100,6.35,CA,1713365631
138,ataq,14.5377,46.8319,28.72,48,99,5.87,YE,1713365632
139,labuan,5.2767,115.2417,28.2,83,20,1.54,MY,1713365633
140,sinabang,2.4803,96.3801,27.75,81,89,1.28,ID,1713365633
141,vilyuchinsk,52.9306,158.4028,2.15,95,100,0.45,RU,1713365634
142,atafu village,-8.5421,-172.5159,29.26,73,18,4.42,TK,1713365635
143,wailua homesteads,22.0669,-159.378,21.24,90,100,2.06,US,1713365636
144,kailua-kona,19.6406,-155.9956,25.33,64,0,3.6,US,1713365578
145,nambucca,-30.6333,152.9833,19.81,90,35,1.8,AU,1713365637
146,port hedland,-20.3167,118.5667,26.03,50,0,2.57,AU,1713365638
147,ulsteinvik,62.3432,5.8487,8.5,68,14,8.03,NO,1713365638
148,west island,-12.1568,96.8225,27.99,89,40,4.12,CC,1713365639
149,holualoa,19.6228,-155.9522,23.26,21,0,3.6,US,1713365640
150,nova sintra,14.8667,-24.7167,24.24,75,0,10.26,CV,1713365640
151,lebedyan',53.0194,39.1664,22.55,75,100,2.12,RU,1713365641
152,bredasdorp,-34.5322,20.0403,21.45,65,4,5.87,ZA,1713365642
153,georgetown,5.4112,100.3354,29.97,70,20,2.06,MY,1713365438
154,tosham,28.8833,75.9167,32.13,20,99,4.87,IN,1713365643
155,mount gambier,-37.8333,140.7667,10.52,82,56,1.53,AU,1713365644
156,tynda,55.1667,124.7167,0.45,96,100,4.81,RU,1713365645
157,pisco,-13.7,-76.2167,21.12,83,77,2.57,PE,1713365645
158,bowen,-20.0167,148.2333,24.44,75,3,5.81,AU,1713365646
159,koryazhma,61.3143,47.1691,4.48,90,100,2.26,RU,1713365647
160,thinadhoo,0.5333,72.9333,27.94,80,100,1.75,MV,1713365648
161,hirara,24.8,125.2833,26.92,94,75,4.63,JP,1713365648
162,puerto armuelles,8.2833,-82.8667,28.99,57,100,0.45,PA,1713365649
163,tazacorte,28.629,-17.9293,23.54,69,0,2.06,ES,1713365650
164,chunskiy,56.0815,99.6342,0.93,63,4,1.9,RU,1713365429
165,kodiak,57.79,-152.4072,2.73,93,100,12.86,US,1713365651
166,ola,59.5833,151.2833,-7.7,88,58,3.33,RU,1713365652
167,tazovsky,67.4667,78.7,-0.37,99,100,6.31,RU,1713365653
168,tura,25.5198,90.2201,27.61,24,0,2.41,IN,1713365653
169,general acha,-37.377,-64.6043,18.3,43,4,6.01,AR,1713365654
170,enewetak,11.3474,162.3373,27.28,80,95,7.52,MH,1713365655
171,"laikit, laikit ii (dimembe)",1.4792,124.9735,23.47,94,40,1.03,ID,1713365655
172,ribeira brava,32.65,-17.0667,24.28,71,100,0.68,PT,1713365656
173,yoko,5.5333,12.3167,30.45,45,90,1.59,CM,1713365657
174,varberg,57.1056,12.2508,9.93,63,75,5.05,SE,1713365658
175,petropavlovsk-kamchatsky,53.0452,158.6483,1.33,94,100,2.0,RU,1713365658
176,xining,36.6167,101.7667,15.33,36,87,3.74,CN,1713365659
177,egilsstadir,65.2653,-14.3948,3.95,70,75,3.09,IS,1713365660
178,hamilton,39.1834,-84.5333,21.11,84,20,8.23,US,1713365547
179,gilgit,35.9221,74.3087,12.7,46,100,1.36,PK,1713365661
180,newman,37.3138,-121.0208,17.32,73,100,1.04,US,1713365580
181,lazaro cardenas,17.9583,-102.2,27.93,42,78,0.75,MX,1713365611
182,gamba,-2.65,10.0,28.62,72,99,3.6,GA,1713365664
183,stanley,54.868,-1.6985,8.76,65,40,8.75,GB,1713365470
184,zeya,53.75,127.2667,5.82,73,85,2.3,RU,1713365665
185,mount isa,-20.7333,139.5,22.87,83,100,0.0,AU,1713365666
186,antsiranana,-12.2787,49.2917,29.42,70,20,9.26,MG,1713365668
187,la gi,10.6667,107.7833,27.49,78,100,2.62,VN,1713365669
188,mabaruma,8.2,-59.7833,34.29,44,98,4.01,GY,1713365670
189,antofagasta,-23.65,-70.4,20.6,69,3,2.03,CL,1713365515
190,sandnessjoen,66.0217,12.6316,6.29,75,75,2.57,NO,1713365671
191,kukuna,9.4,-12.6667,41.56,20,26,1.84,SL,1713365672
192,al khawr,25.7667,51.3167,28.22,32,0,2.4,QA,1713365673
193,taulaga,-11.0553,-171.0883,29.15,70,2,2.17,AS,1713365673
194,okeho,8.0333,3.35,36.05,29,100,2.07,NG,1713365674
195,idabel,33.8957,-94.8263,23.26,96,75,2.57,US,1713365675
196,gangneung,37.7556,128.8961,13.31,64,99,1.61,KR,1713365675
197,malvan,16.0667,73.4667,28.68,85,100,3.02,IN,1713365676
198,alofi,-19.0595,-169.9187,23.94,88,60,2.57,NU,1713365677
199,popondetta,-8.7537,148.2534,23.2,99,100,0.26,PG,1713365678
200,krasnogorskiy,54.6025,61.231,12.03,64,90,3.71,RU,1713365678
201,gering,41.8258,-103.6605,11.49,62,75,2.68,US,1713365679
202,kudahuvadhoo,2.6708,72.8944,29.4,72,56,4.0,MV,1713365680
203,manaus,-3.1019,-60.025,27.27,83,75,1.54,BR,1713365618
204,tandil,-37.3217,-59.1332,16.49,57,0,8.64,AR,1713365647
205,luganville,-15.5333,167.1667,26.64,88,61,5.79,VU,1713365683
206,lluta,-16.0147,-72.0142,16.21,31,36,3.46,PE,1713365684
207,aasiaat,68.7098,-52.8699,-9.5,76,4,3.3,GL,1713365684
208,anna regina,7.2644,-58.5077,30.05,66,77,4.18,GY,1713365685
209,kyren,51.6828,102.1408,1.08,84,44,1.34,RU,1713365686
210,teguise,29.0605,-13.564,21.12,73,0,3.09,ES,1713365686
211,roussillon,45.373,4.8073,10.85,60,70,5.78,FR,1713365687
212,levuka,50.1834,-105.4011,1.93,76,100,10.8,CA,1713365688
213,wingham,43.8879,-81.3114,8.48,84,100,10.47,CA,1713365401
214,tukums,56.9669,23.1553,5.64,67,74,3.82,LV,1713365689
215,auki,-8.7676,160.7034,25.31,91,75,1.71,SB,1713365690
216,kambove,-10.8764,26.5969,20.92,83,90,2.64,CD,1713365691
217,salinopolis,-0.6136,-47.3561,30.35,69,70,4.15,BR,1713365691
218,shingu,33.7333,135.9833,15.71,94,97,2.05,JP,1713365692
219,byalynichy,53.9983,29.7126,7.85,65,100,3.43,BY,1713365693
220,kapa'a,22.0752,-159.319,22.99,90,100,2.06,US,1713365693
221,kelso,46.1468,-122.9084,6.16,92,0,0.45,US,1713365694
222,bubaque,11.2833,-15.8333,26.54,67,0,5.17,GW,1713365695
223,robore,-18.3333,-59.75,20.05,100,100,0.0,BO,1713365695
224,olinda,-8.0089,-34.8553,30.85,74,40,6.17,BR,1713365696
225,shimoda,34.6667,138.95,16.52,79,100,5.44,JP,1713365697
226,puerto real,36.5282,-6.1901,26.45,83,75,4.12,ES,1713365698
227,maine soroa,13.2114,12.0241,42.5,5,100,3.62,NE,1713365698
228,thal,35.4791,72.2439,5.38,76,100,2.77,PK,1713365665
229,palmerston north,-40.35,175.6167,13.76,86,58,2.55,NZ,1713365700
230,constantia,44.1833,28.65,24.38,48,86,10.41,RO,1713365645
231,nuuk,64.1835,-51.7216,3.34,81,40,4.63,GL,1713365701
232,acarau,-2.8856,-40.12,28.84,81,100,4.65,BR,1713365602
233,kourou,5.1552,-52.6478,27.03,96,100,5.35,GF,1713365703
234,kerikeri,-35.2268,173.9474,9.95,92,14,1.65,NZ,1713365703
235,kotlas,61.2611,46.6556,4.3,91,100,2.44,RU,1713365705
236,katsuren-haebaru,26.3369,127.8719,26.43,89,75,6.17,JP,1713365707
237,hermanus,-34.4187,19.2345,17.67,87,37,4.05,ZA,1713365707
238,naranjo,10.0987,-84.3782,26.34,23,51,1.22,CR,1713365708
239,swakopmund,-22.6833,14.5333,22.47,73,54,5.1,NA,1713365709
240,al fahahil,29.0825,48.1303,27.72,57,0,5.47,KW,1713365709
241,maralal,1.0968,36.698,22.66,53,99,3.72,KE,1713365710
242,almeirim,-1.5233,-52.5817,29.74,75,76,1.52,BR,1713365664
243,aldan,58.6031,125.3894,-5.14,95,100,2.86,RU,1713365719
244,bunia,1.5667,30.25,25.62,59,83,3.13,CD,1713365719
245,villa gesell,-37.2639,-56.973,20.03,57,0,11.01,AR,1713365720
246,nadi,-17.8,177.4167,22.0,88,20,0.0,FJ,1713365721
247,cienfuegos,22.1461,-80.4356,28.08,61,20,4.12,CU,1713365723
248,divo,5.8397,-5.36,34.35,49,94,2.61,CI,1713365723
249,queenstown,-31.8976,26.8753,21.03,47,91,4.06,ZA,1713365724
250,nishinoomote,30.7333,131.0,16.93,83,100,4.82,JP,1713365725
251,benjamin constant,-4.3831,-70.0311,29.07,83,75,2.06,BR,1713365608
252,mawu,29.5923,107.3139,18.8,82,44,0.54,CN,1713365726
253,ust-nera,64.5667,143.2,-10.57,97,89,2.55,RU,1713365727
254,yuzhno-kurilsk,44.0306,145.8556,3.73,98,100,2.79,RU,1713365728
255,kupang,-10.1667,123.5833,27.24,79,76,4.01,ID,1713365729
256,naze,28.3667,129.4833,21.51,94,100,2.21,JP,1713365729
257,aykhal,66.0,111.5,-4.6,89,100,10.49,RU,1713365730
258,daru,-9.0763,143.2092,27.15,87,100,7.6,PG,1713365731
259,tommot,58.9564,126.2925,-2.49,92,100,2.61,RU,1713365731
260,cherrapunji,25.3,91.7,14.51,75,15,0.44,IN,1713365617
261,hanzhong,33.0728,107.0303,19.27,70,5,0.18,CN,1713365733
262,kingston,17.997,-76.7936,29.53,69,40,2.57,JM,1713365449
263,st. john's,47.5649,-52.7093,10.71,94,100,1.74,CA,1713365610
264,benguela,-12.5763,13.4055,29.16,73,13,2.59,AO,1713365737
265,tadine,-21.55,167.8833,23.08,73,100,5.58,NC,1713365738
266,inirida,3.8653,-67.9239,34.35,50,87,2.11,CO,1713365738
267,emet,39.343,29.2585,21.48,27,53,5.01,TR,1713365739
268,invercargill,-46.4,168.35,10.57,84,100,2.24,NZ,1713365740
269,kolobrzeg,54.1757,15.5834,7.31,74,79,3.67,PL,1713365741
270,gbarnga,6.9956,-9.4722,33.82,43,100,2.6,LR,1713365741
271,sao gabriel da cachoeira,-0.1303,-67.0892,28.89,79,75,1.54,BR,1713365609
272,callao,-12.0667,-77.15,19.16,88,75,2.06,PE,1713365733
273,uturoa,-16.7333,-151.4333,27.76,79,22,7.2,PF,1713365743
274,cill airne,52.05,-9.5167,10.03,100,100,3.6,IE,1713365745
275,hovd,48.0056,91.6419,10.85,35,100,2.16,MN,1713365746
276,ghat,24.9647,10.1728,28.75,14,0,3.6,LY,1713365747
277,rovnoye,50.7765,46.0509,18.06,50,78,7.8,RU,1713365747
278,ar ruways,24.1103,52.7306,27.22,45,0,0.47,AE,1713365748
279,haiku-pauwela,20.9219,-156.3051,20.58,91,75,2.06,US,1713365749
280,koubia,11.5833,-11.9,38.97,10,4,2.66,GN,1713365749
281,jiuquan,39.7432,98.5174,16.84,13,100,0.79,CN,1713365750
282,papao,-17.75,-149.55,24.82,81,14,9.47,PF,1713365751
283,jiangyan,32.5061,120.1428,9.07,78,70,0.23,CN,1713365752
284,rivera,-30.9053,-55.5508,18.81,65,0,6.33,UY,1713365511
285,yemva,62.59,50.8594,0.72,100,100,1.4,RU,1713365753
286,balpyk bi,44.8947,78.2083,14.09,47,98,2.05,KZ,1713365754
287,la passe,45.5549,-0.8967,16.13,63,2,7.02,FR,1713365754
288,tamanrasset,22.785,5.5228,29.95,7,0,2.06,DZ,1713365755
289,lagrange,33.0393,-85.0313,22.46,53,0,2.57,US,1713365756
290,kralendijk,12.15,-68.2667,30.99,70,75,7.72,BQ,1713365757
291,chengde,40.9725,117.9361,15.84,32,29,0.96,CN,1713365758
292,dhidhdhoo,6.8833,73.1,29.54,71,72,2.02,MV,1713365759
293,nar'yan-mar,67.6713,53.087,-16.05,86,100,9.83,RU,1713365759
294,keflavik,64.0049,-22.5624,5.24,81,75,5.14,IS,1713365760
295,north bay,46.3168,-79.4663,5.79,52,100,6.6,CA,1713365596
296,magadan,59.5667,150.8,-8.04,90,54,2.74,RU,1713365761
297,port elizabeth,-33.918,25.5701,25.17,62,0,4.12,ZA,1713365762
298,iskateley,67.6803,53.1512,-16.1,86,100,9.83,RU,1713365763
299,harper,4.375,-7.7169,30.48,68,100,3.7,LR,1713365764
300,zaragoza,41.6561,-0.8773,19.16,36,20,12.86,ES,1713365703
301,portland,45.5234,-122.6762,6.01,89,0,0.45,US,1713365625
302,zdvinsk,54.7021,78.661,7.92,74,24,3.53,RU,1713365766
303,tingi,-11.3,35.0333,19.43,88,95,2.06,TZ,1713365766
304,susuman,62.7833,148.1667,-12.79,96,76,1.34,RU,1713365767
305,yelahanka,13.1075,77.6003,32.49,33,40,3.09,IN,1713365768
306,lerwick,60.1545,-1.1494,8.0,58,53,4.92,GB,1713365770
307,griffith,41.5284,-87.4237,20.15,62,75,8.23,US,1713365770
308,dali,25.7,100.1833,12.95,85,28,2.95,CN,1713365771
309,vacha,55.8008,42.7706,8.06,97,100,3.15,RU,1713365772
310,yugorsk,61.3133,63.3319,2.16,98,73,3.53,RU,1713365586
311,zouerate,22.7187,-12.4521,34.99,5,0,3.09,MR,1713365773
312,weno,7.4515,151.8468,26.97,89,75,3.09,FM,1713365774
313,azemmour,33.2895,-8.3425,20.77,62,87,5.03,MA,1713365775
314,malango,-2.9627,119.9001,19.71,99,100,1.23,ID,1713365775
315,klyuchi,52.2667,79.1667,12.12,59,100,2.71,RU,1713365776
316,cammarata,37.6299,13.6315,15.78,54,6,8.68,IT,1713365777
317,guerrero negro,27.9769,-114.0611,16.84,78,0,4.24,MX,1713365777
318,revda,56.801,59.9303,8.21,74,100,2.06,RU,1713365780
319,brookings,44.3114,-96.7984,8.43,91,100,10.8,US,1713365782
320,sosnovka,56.255,51.2842,14.9,76,100,5.34,RU,1713365783
321,zag,46.9441,99.165,7.57,39,77,2.65,MN,1713365784
322,kirakira,-10.4544,161.9205,26.7,87,100,2.28,SB,1713365785
323,masuguru,-11.3667,38.4167,22.24,98,100,1.43,TZ,1713365785
324,santa ana,33.7456,-117.8678,21.5,77,20,0.0,US,1713365786
325,shangzhi,45.2167,127.9667,11.82,44,99,1.17,CN,1713365787
326,amloh,30.6084,76.2319,28.49,13,88,3.53,IN,1713365787
327,north bend,43.4065,-124.2243,4.48,93,0,2.57,US,1713365788
328,abbeville,50.1,1.8333,10.98,61,64,6.48,FR,1713365789
329,porto novo,6.4965,2.6036,32.9,64,100,4.87,BJ,1713365685
330,bangassou,4.7413,22.8184,34.09,37,100,3.0,CF,1713365791
331,mandera,3.9366,41.867,33.79,43,91,7.63,KE,1713365792
332,gebeit,21.0667,36.3167,31.58,13,0,4.93,SD,1713365793
333,axim,4.8699,-2.2405,30.14,73,100,4.32,GH,1713365793
334,itaituba,-4.2761,-55.9836,30.09,79,40,1.54,BR,1713365794
335,binzhou,37.3667,118.0167,17.12,40,1,2.9,CN,1713365795
336,aitape,-3.1374,142.3475,25.54,90,74,1.73,PG,1713365795
337,san pedro,14.35,121.0167,29.06,81,20,2.06,PH,1713365785
338,port lincoln,-34.7333,135.8667,14.38,77,1,4.9,AU,1713365797
339,tucuma,-0.1833,-50.05,29.19,76,32,1.92,BR,1713365799
340,lebu,-37.6167,-73.65,15.78,84,67,1.63,CL,1713365799
341,plastun,44.7561,136.2939,7.87,96,100,0.6,RU,1713365800
342,suntar,62.1444,117.6319,-13.47,96,51,1.95,RU,1713365801
343,bom jesus,-9.0744,-44.3586,32.96,46,98,1.46,BR,1713365801
344,hotan,37.0997,79.9269,20.79,19,96,2.39,CN,1713365803
345,andratx,39.5755,2.4202,17.56,58,4,4.77,ES,1713365804
346,pingliang,35.5392,106.6861,15.64,68,45,2.08,CN,1713365804
347,bathsheba,13.2167,-59.5167,30.34,74,20,8.23,BB,1713365806
348,gigant,46.5066,41.3419,28.05,32,81,2.57,RU,1713365807
349,east end,34.5507,-92.341,23.25,88,100,0.45,US,1713365808
350,vadso,70.0744,29.7487,-1.91,69,75,6.69,NO,1713365808
351,andovoranto,-18.95,49.1,24.21,71,94,4.37,MG,1713365809
352,zaranj,30.9667,61.8833,15.98,77,100,3.89,AF,1713365810
353,sinop,41.7711,34.8709,21.14,39,8,2.61,TR,1713365811
354,tual,-5.6667,132.75,28.28,74,100,0.51,ID,1713365811
355,kidal,18.4411,1.4078,36.17,6,0,3.8,ML,1713365812
356,vryheid,-27.7695,30.7917,18.59,66,29,3.75,ZA,1713365813
357,east london,-33.0153,27.9116,24.52,64,0,5.66,ZA,1713365536
358,camana,-16.6228,-72.7111,21.76,80,70,3.65,PE,1713365814
359,dielheim,49.2842,8.7381,12.04,53,100,4.49,DE,1713365815
360,lugazi,0.3772,32.9197,24.16,70,97,2.29,UG,1713365816
361,punta del este,-34.9667,-54.95,20.06,78,20,8.05,UY,1713365525
362,vilyuysk,63.7553,121.6247,-2.78,95,100,4.92,RU,1713365817
363,mpulungu,-8.7623,31.1141,25.86,76,69,1.95,ZM,1713365818
364,broken hill,-31.95,141.4333,14.59,49,0,5.22,AU,1713365818
365,pleiku,13.9833,108.0,25.19,60,77,1.53,VN,1713365819
366,serro,-18.6047,-43.3794,26.51,56,16,1.27,BR,1713365820
367,lompoc,34.6391,-120.4579,17.14,100,100,3.6,US,1713365821
368,i-n-salah,27.1935,2.4607,32.69,11,0,2.63,DZ,1713365821
369,eau claire,44.8114,-91.4985,11.21,96,100,3.13,US,1713365823
370,wakkanai,45.4094,141.6739,3.25,94,75,6.02,JP,1713365824
371,kalemie,-5.9475,29.1947,25.79,77,77,3.65,CD,1713365824
372,yarmouth,41.7057,-70.2286,12.86,63,0,4.63,US,1713365801
373,nadym,65.5333,72.5167,1.09,99,100,2.97,RU,1713365826
374,vieux-habitants,16.0589,-61.7659,29.84,72,3,4.02,GP,1713365827
375,yamba,-5.9,22.3,30.95,57,100,1.52,CD,1713365828
376,praia da vitoria,38.7333,-27.0667,17.64,100,75,5.58,PT,1713365828
377,crane,31.3974,-102.3501,23.88,10,100,1.32,US,1713365829
378,tolanaro,-25.0319,46.9987,22.04,88,75,3.09,MG,1713365830
379,ancud,-41.8697,-73.8203,12.59,75,35,1.93,CL,1713365830
380,lucheng,31.2336,117.2806,14.02,95,90,1.6,CN,1713365831
381,klichaw,53.4928,29.3352,8.89,55,93,3.96,BY,1713365832
382,dwarka,22.2394,68.9678,28.41,63,6,5.16,IN,1713365833
383,mount pearl,47.5166,-52.7813,10.25,95,100,1.34,CA,1713365833
384,boa vista,2.8197,-60.6733,27.99,78,75,4.63,BR,1713365834
385,cestos city,5.46,-9.5828,31.05,63,100,2.59,LR,1713365835
386,verdal,63.7933,11.4817,5.02,56,100,3.49,NO,1713365835
387,gillette,44.2911,-105.5022,0.57,90,100,5.66,US,1713365836
388,mar del plata,-38.0023,-57.5575,19.97,60,0,9.26,AR,1713365659
389,ilheus,-14.7889,-39.0494,27.9,78,75,4.12,BR,1713365718
390,valenza,45.0141,8.6414,20.2,29,0,1.82,IT,1713365838
391,tonsberg,59.2675,10.4076,7.68,71,75,7.72,NO,1713365839
392,loanda,-8.8368,13.2343,31.0,80,20,5.14,AO,1713365696
393,zaozersk,69.4005,32.4476,-4.47,83,98,3.05,RU,1713365841
394,yemetsk,63.4721,41.7941,-2.77,91,100,3.27,RU,1713365842
395,amga,60.8953,131.9608,0.44,99,100,1.93,RU,1713365843
396,isla del bosque,22.7333,-105.85,23.88,61,100,1.44,MX,1713365844
397,oeiras do para,-2.0031,-49.8544,30.63,74,51,1.17,BR,1713365844
398,mwinilunga,-11.7358,24.4293,22.35,77,98,1.4,ZM,1713365845
399,castillos,-34.1667,-53.8333,20.28,57,1,6.15,UY,1713365846
400,happy valley-goose bay,53.3168,-60.3315,4.63,68,78,4.12,CA,1713365614
401,hilo,19.7297,-155.09,20.62,97,100,2.57,US,1713365847
402,torghay,49.6339,63.4981,17.78,64,56,2.31,KZ,1713365849
403,ust'-talovka,50.5493,81.85,13.72,46,100,1.3,KZ,1713365849
404,arraial do cabo,-22.9661,-42.0278,28.98,58,0,7.72,BR,1713365850
405,itajobi,-21.3181,-49.0544,29.22,59,50,2.9,BR,1713365851
406,tralee,52.2704,-9.7026,10.14,100,100,3.6,IE,1713365851
407,znamenskoye,57.1281,73.8282,6.68,80,87,4.23,RU,1713365852
408,sitka,57.0531,-135.33,0.94,80,0,0.0,US,1713365853
409,mamuju,-2.6748,118.8885,25.84,88,100,1.71,ID,1713365854
410,santiago de cao,-7.9589,-79.2392,17.07,100,100,2.06,PE,1713365854
411,puerto aysen,-45.4,-72.7,10.51,93,99,1.23,CL,1713365856
412,saint-francois,46.4154,3.9054,9.67,73,75,5.66,FR,1713365857
413,flin flon,54.7682,-101.865,-0.12,97,100,6.28,CA,1713365858
414,mata-utu,-13.2816,-176.1745,29.29,75,76,5.6,WF,1713365859
415,bayji,34.9311,43.487,31.49,17,0,4.09,IQ,1713365860
416,as sulayyil,20.4607,45.5779,31.14,20,0,3.91,SA,1713365861
417,juan griego,11.0817,-63.9655,30.74,61,80,6.1,VE,1713365861
418,harstad,68.799,16.5293,2.66,69,7,1.34,NO,1713365863
419,dryden,49.7833,-92.7503,3.11,88,100,3.46,CA,1713365864
420,franklin,39.9667,-83.0166,18.95,93,100,5.66,US,1713365864
421,charlottetown,46.2352,-63.1267,4.32,89,98,4.92,CA,1713365865
422,qulsary,46.9531,54.0198,24.15,29,0,3.87,KZ,1713365866
423,al qadarif,14.0349,35.3834,38.95,6,72,4.43,SD,1713365867
424,neryungri,56.6709,124.6491,-2.12,93,100,4.61,RU,1713365867
425,babana,10.4295,3.815,42.16,7,100,1.88,NG,1713365868
426,vernon,50.2581,-119.2691,6.24,67,57,2.24,CA,1713365801
427,san borja,-14.8167,-66.85,19.23,97,100,2.65,BO,1713365870
428,bernardo de irigoyen,-26.2552,-53.6458,19.38,55,47,3.06,AR,1713365693
429,pacific grove,36.6177,-121.9166,17.88,93,75,0.45,US,1713365871
430,mahajanga,-15.7167,46.3167,32.01,55,40,4.63,MG,1713365872
431,kilindoni,-7.9139,39.6668,24.45,89,100,9.87,TZ,1713365873
432,tuyen quang,21.8233,105.2181,25.47,92,3,0.34,VN,1713365873
433,hithadhoo,-0.6,73.0833,28.24,77,100,2.36,MV,1713365874
434,rumoi,43.9344,141.6428,10.97,96,100,0.6,JP,1713365875
435,dadeldhura,29.2984,80.5806,20.08,27,35,1.75,NP,1713365875
436,charters towers,-20.1,146.2667,20.83,91,65,4.47,AU,1713365876
437,sarmiento,-45.5882,-69.07,12.79,48,0,4.06,AR,1713365877
438,siracusa,37.0881,15.2792,23.22,42,1,2.79,IT,1713365816
439,new norfolk,-42.7826,147.0587,10.72,92,68,1.45,AU,1713365878
440,cocal,-28.6167,-49.35,29.07,63,0,2.46,BR,1713365879
441,toliara,-23.35,43.6667,27.19,74,93,2.66,MG,1713365685
442,arteche,12.2645,125.4048,25.27,84,100,1.91,PH,1713365881
443,resen,41.0889,21.0122,10.8,88,80,3.77,MK,1713365881
444,horta,38.5333,-28.6333,17.8,92,40,6.26,PT,1713365882
445,mahina,-17.5065,-149.489,24.87,88,100,4.63,PF,1713365883
446,usogorsk,63.4106,48.6872,-1.85,93,99,2.17,RU,1713365883
447,g'uzor,38.6214,66.2522,21.02,61,82,3.29,UZ,1713365884
448,altay,47.8667,88.1167,9.33,53,100,2.32,CN,1713365885
449,tevriz,57.509,72.4042,4.89,89,53,2.43,RU,1713365886
450,novyy urgal,51.0736,132.5642,8.88,83,87,1.23,RU,1713365887
451,puerto lempira,15.2667,-83.7667,29.08,70,40,2.57,HN,1713365888
452,gao,16.6362,1.637,37.65,5,0,3.62,ML,1713365889
453,waddan,29.1614,16.139,27.33,21,0,6.61,LY,1713365889
454,tidjikja,18.5564,-11.4271,36.29,5,0,3.71,MR,1713365890
455,prince rupert,54.3161,-130.3201,5.5,64,0,1.46,CA,1713365891
456,fort st. john,56.2499,-120.8529,0.18,49,90,0.58,CA,1713365743
457,vrangel',42.7297,133.0839,5.98,90,48,2.46,RU,1713365893
458,pundong,-7.9522,110.3486,26.56,85,100,4.53,ID,1713365894
459,north platte,41.1239,-100.7654,11.88,62,51,2.68,US,1713365895
460,al ghayzah,16.2079,52.176,29.17,70,68,5.47,YE,1713365895
461,tambovka,50.0969,128.0489,13.88,34,100,3.58,RU,1713365897
462,balnearia,-31.0088,-62.6673,22.02,49,1,5.08,AR,1713365898
463,quang ngai,15.1167,108.8,25.33,86,64,0.68,VN,1713365898
464,sao joao da barra,-21.6403,-41.0511,29.05,77,64,5.64,BR,1713365899
465,nzerekore,7.7562,-8.8179,34.73,29,100,2.7,GN,1713365900
466,broome,42.2506,-75.833,16.5,52,20,5.14,US,1713365901
467,iwanai,42.9744,140.5089,10.24,99,100,0.76,JP,1713365902
468,luancheng,37.8792,114.6517,19.09,48,0,3.94,CN,1713365903
469,buka,40.8108,69.1986,18.6,49,1,2.0,UZ,1713365904
470,pyu,18.4833,96.4333,30.07,47,0,4.33,MM,1713365904
471,svetlyy,54.675,20.1347,6.31,78,100,4.7,RU,1713365905
472,watford city,47.8022,-103.2832,4.92,75,100,10.29,US,1713365906
473,terrace,54.5163,-128.6035,4.4,71,3,0.81,CA,1713365745
474,jiangkou,25.4872,119.1986,22.48,94,100,1.01,CN,1713365907
475,hepo,23.4308,115.8299,25.11,84,2,0.96,CN,1713365908
476,chertkovo,49.3847,40.1547,22.28,34,100,7.4,RU,1713365910
477,kruisfontein,-34.0033,24.7314,29.35,35,0,1.52,ZA,1713365910
478,burang,30.25,81.1667,0.65,66,64,2.61,CN,1713365911
479,kinablangan,7.6947,126.5503,25.15,85,86,0.63,PH,1713365912
480,kargat,55.1956,80.2811,7.43,81,25,4.18,RU,1713365912
481,codrington,-38.2667,141.9667,11.94,82,20,3.86,AU,1713365913
482,marka,1.7159,44.7717,29.53,81,38,7.54,SO,1713365915
483,rabo de peixe,37.8,-25.5833,17.77,99,75,5.14,PT,1713365916
484,banjarmasin,-3.3244,114.591,25.62,93,95,0.36,ID,1713365916
485,lamu,-2.2717,40.902,27.88,81,100,7.22,KE,1713365917
486,mercedes,-34.6515,-59.4307,21.59,63,0,7.68,AR,1713365807
487,duba,27.3513,35.6901,27.74,42,25,4.36,SA,1713365919
488,aripuana,-9.1667,-60.6333,28.24,87,93,1.19,BR,1713365919
489,woolgoolga,-30.1106,153.2007,19.93,93,65,2.34,AU,1713365773
490,amstetten,48.1229,14.8721,11.0,82,100,4.43,AT,1713365921
491,st ives,50.2086,-5.4875,10.59,66,20,8.75,GB,1713365922
492,laurel,39.0993,-76.8483,18.68,68,75,1.54,US,1713365922
493,anloga,5.7947,0.8973,29.98,72,100,5.12,GH,1713365923
494,goshaingaon,26.4379,89.9788,26.93,48,2,3.22,IN,1713365924
495,ahar,38.4774,47.0699,17.69,32,0,3.05,IR,1713365924
496,lianzhou,24.7811,112.3825,23.03,95,94,1.62,CN,1713365925
497,baijiantan,45.6333,85.1833,18.83,38,100,7.47,CN,1713365926
498,oak grove,45.4168,-122.6401,6.08,88,0,1.34,US,1713365927
499,argo,37.6333,22.7333,21.7,55,28,2.08,GR,1713365928
500,boca suno,-0.7167,-77.1333,24.77,69,84,1.03,EC,1713365929
501,sur,22.5667,59.5289,26.4,81,4,4.79,OM,1713365930
502,odesskoye,54.2111,72.9651,10.09,63,60,3.45,RU,1713365930
503,paracuru,-3.41,-39.0306,30.62,83,100,3.9,BR,1713365931
504,mersa matruh,31.3525,27.2453,27.11,39,0,6.17,EG,1713365677
505,shulan,44.4167,126.95,12.55,40,73,2.86,CN,1713365932
506,imperatriz,-5.5264,-47.4917,31.03,74,75,2.57,BR,1713365766
507,skanes,35.7833,10.8,23.01,56,40,5.14,TN,1713365934
508,motygino,58.1831,94.7592,-1.79,90,0,1.79,RU,1713365934
509,san antonio de pale,-1.4014,5.6325,27.29,79,100,1.85,GQ,1713365935
510,taro,-8.3862,115.28,23.0,100,94,0.2,ID,1713365937
511,bom jesus da lapa,-13.255,-43.4181,33.63,41,27,1.35,BR,1713365937
512,coquimbo,-29.9533,-71.3436,18.85,59,0,3.6,CL,1713365938
513,serov,59.6033,60.5787,6.62,80,96,2.59,RU,1713365939
514,puerto colombia,10.9878,-74.9547,30.05,76,78,7.46,CO,1713365940
515,along,28.1667,94.7667,15.85,94,100,0.78,IN,1713365940
516,bakanas,44.8081,76.2772,20.88,35,74,4.0,KZ,1713365942
517,al jawf,29.5,38.75,28.94,15,0,1.19,SA,1713365943
518,zaraza,9.3503,-65.3245,33.81,43,100,3.17,VE,1713365943
519,four corners,28.3329,-81.6474,26.66,67,98,2.24,US,1713365944
520,grand gaube,-20.0064,57.6608,25.22,69,74,1.34,MU,1713365945
521,ixtapa,20.7,-105.2,29.95,20,9,1.77,MX,1713365946
522,sidney,-33.8679,151.2073,18.17,88,100,4.12,AU,1713365672
523,hushitai,41.9322,123.5114,11.95,31,16,4.04,CN,1713365947
524,abepura,-2.6333,140.5833,24.45,100,40,1.03,ID,1713365948
525,colonia,50.9333,6.95,11.09,75,75,5.14,DE,1713365673
526,okha,53.5739,142.9478,2.36,97,99,3.13,RU,1713365949
527,bousso,10.4795,16.7117,44.14,11,84,1.97,TD,1713365950
528,nouadhibou,20.931,-17.0347,29.99,39,3,5.66,MR,1713365951
529,santiago de chuco,-8.15,-78.1833,17.33,56,31,2.12,PE,1713365951
530,plymouth,41.8334,-70.8328,15.43,57,20,1.61,US,1713365952
531,tuncurry,-32.1667,152.5,17.91,96,83,0.45,AU,1713365953
532,torrington,41.8007,-73.1212,15.63,51,100,2.24,US,1713365953
533,jumla,29.2747,82.1838,9.99,54,47,2.73,NP,1713365954
534,puerto escondido,15.85,-97.0667,29.82,53,4,2.79,MX,1713365955
535,inhambane,-23.865,35.3833,25.0,88,75,0.0,MZ,1713365956
536,emerald,-23.5333,148.1667,21.3,81,29,3.04,AU,1713365956
537,zomba,-15.386,35.3188,21.47,80,86,1.35,MW,1713365683
538,elista,46.3078,44.2558,24.29,50,4,5.0,RU,1713365958
539,saint-pierre,-21.3393,55.4781,24.82,61,0,10.8,RE,1713365958
540,berezovyy,51.6667,135.7,4.25,88,100,1.26,RU,1713365959
541,kone,-21.0595,164.8658,21.57,83,63,1.9,NC,1713365960
542,rengo,-34.4167,-70.8667,18.18,19,2,2.07,CL,1713365826
543,lusaka,-15.4067,28.2871,23.79,58,41,3.85,ZM,1713365665
544,shemordan,56.1856,50.3972,15.23,80,100,8.07,RU,1713365962
545,tongshan,34.1805,117.1571,14.06,58,0,2.72,CN,1713365963
546,kholmsk,47.0511,142.0569,8.63,80,100,2.47,RU,1713365964
547,khandyga,62.6667,135.6,-3.23,96,98,1.66,RU,1713365964
548,rouissat,31.9243,5.3502,30.04,25,0,2.57,DZ,1713365965
549,ormara,25.2088,64.6357,25.79,82,0,3.78,PK,1713365966
550,shenjiamen,29.9576,122.298,11.85,89,75,6.26,CN,1713365967
551,tqvarch'eli,42.8404,41.6801,24.97,44,12,0.95,GE,1713365967
552,mirnyy,62.5353,113.9611,-8.09,92,86,3.35,RU,1713365968
553,sacapulas,15.2867,-91.0872,24.8,50,70,1.07,GT,1713365969
554,ar rahad,12.7167,30.65,39.53,6,96,2.25,SD,1713365970
555,babolsar,36.7025,52.6576,22.18,73,0,1.03,IR,1713365972
556,cannonvale,-20.2833,148.7,24.66,78,25,5.24,AU,1713365972
557,buala,-8.145,159.5921,27.15,85,82,2.88,SB,1713365973
558,trinidad,-14.8333,-64.9,21.99,88,100,2.57,BO,1713365974
559,dombarovskiy,50.7587,59.5386,17.24,70,93,4.4,RU,1713365974
560,fada,9.5667,8.3,38.92,13,100,2.64,NG,1713365975
561,tromso,69.6496,18.957,1.01,55,40,4.63,NO,1713365978
562,udangudi,8.4333,78.0167,29.69,72,71,6.9,IN,1713365978
563,bojano,41.4857,14.4729,10.24,80,100,2.25,IT,1713365979
564,mermoz boabab,14.7065,-17.4758,41.31,42,0,7.2,SN,1713365980
565,mandalgovi,45.7625,106.2708,9.48,46,48,4.94,MN,1713365981
566,pulandian,39.3953,121.9669,14.83,29,0,1.51,CN,1713365981
567,bulolo,-7.2,146.65,22.66,99,100,0.05,PG,1713365982
568,simanggang,1.2472,111.4528,26.99,94,100,0.0,MY,1713365983
569,cabedelo,-6.9811,-34.8339,31.37,72,100,4.82,BR,1713365984
570,lovington,32.944,-103.3485,21.29,26,100,0.45,US,1713365985
